Code,UiFile,Arabic,English
10001,Font,Tahoma,Arial
10002,Size,12,14
20001,Login.ui,دخول,LOGIN
20002,Login.ui,الحساب,Account
20003,Login.ui,كلمة السر,Password
30001,ChoiceTrio.ui,خيارات اللعبة,Game Option
30002,ChoiceTrio.ui,خروج,Quit
30003,ChoiceTrio.ui,اخر شيء تم حذفه,The latest deleted
30004,ChoiceTrio.ui,اخر اتصال تم,The latest connected
30005,ChoiceTrio.ui,وحدات,Credits
30006,ChoiceTrio.ui,نقاط,Points
30007,ChoiceTrio.ui,وحدات,Credits
30008,ChoiceTrio.ui,هل انت متأكد من رغبتك بحذف الشخصية ؟ يرجى ادخال كلمة السر لتأكيد العملية,"Are you sure want to delete character? \ Please, Enter the password."
40001,Choice.ui,دعوة,Invite
40002,Choice.ui,رسالة,Message
40003,Choice.ui,مركز,Position
40004,Choice.ui,Lv. مستوى,Lv.
40005,Choice.ui,الاسم,Name
40006,Choice.ui,تعليق,Comment
50001,ChoiceClass.ui,خلف,Back
50002,ChoiceClass.ui,دليل تعليمي,Tutorial
50003,ChoiceClass.ui,EXP,EXP
50004,ChoiceClass.ui,%s كيف كانت المباراة ؟ أنت تصنع جيدا  حسنا دعنا نختار مركزا لك \ في هذه النقطة تختار مركزا لشخصيتك وهذا تحليل لمباراتك السابقة,"?%s?, How was the match?\You are doing well!! Let's select position. It's to decide the position and characteristic.\This is the analysis for your past match."
50005,ChoiceClass.ui,%s تسديدة جيدة هل تحب مركز الهجوم؟ انه المركز لصنع الأهداف رائع أليس كذلك ؟,"?%s?, What a nice shot!\Do you like FW position? It's the position to make the goal. Isn't nice?"
50006,ChoiceClass.ui,%s تمريرة جيدة هل تحب مركز الوسط ؟ انه المركز المتخصص في الهجوم والدفاع معا رائع أليس كذلك ؟,"?%s?, What a nice pass!\Do you like MF position? This position involved in both Striker & Defender positions."
50007,ChoiceClass.ui,"%s ,دفاع جيد هل تحب مركز الدفاع؟ انه المركز المتخصص في عدم خسارة هدف رائع أليس كذلك ؟","?%s?, What a nice defense!\Do you like DF position? It's the position not to lose the goal. Isn't great?"
50008,ChoiceClass.ui,التسديد,Shooting
50009,ChoiceClass.ui,الكرة خالية,Ball Clear
50010,ChoiceClass.ui,جدول الاختصاص الثاني,2nd position growth
50011,ChoiceClass.ui,جدول الاختصاص الأول,1st position growth
60001,ChoiceReplay.ui,اعادة,Replay
60002,ChoiceReplay.ui,المركز,Position
60003,ChoiceReplay.ui,الاسم,Name
60004,ChoiceReplay.ui,الأهداف,Goals
60005,ChoiceReplay.ui,مساعدة,Assist
60006,ChoiceReplay.ui,التصويت,Vote
70001,ChoiceRoom.ui,متجر المهارة,Skill Shop
70002,ChoiceRoom.ui,المعلومات,Information
70003,ChoiceRoom.ui,متجر الأدوات,Item Shop
70004,ChoiceRoom.ui,مخزن الأدوات,Item Inventory
70005,ChoiceRoom.ui,المهمة,Quest
70006,ChoiceRoom.ui,اهمس,Whisper
70007,ChoiceRoom.ui,الطلب,Order
70008,ChoiceRoom.ui,انت لم تقم بتطوير مركز الشخصية انتقل للصفحة من أجل العمل,You didn't perform upgrading your\character position. Move to the page for\the job.
70009,ChoiceRoom.ui,الكل,All
70010,ChoiceRoom.ui,عادي,Normal
70011,ChoiceRoom.ui,انتظار,Waiting
70012,ChoiceRoom.ui,المهمة,Quest
70013,ChoiceRoom.ui,اضافة صديق,Add Friend
70014,ChoiceRoom.ui,اضافة تجاهل,Add Ignore
70015,ChoiceRoom.ui,التفاصيل,Detail
70016,ChoiceRoom.ui,ردهة,Lobby
70017,ChoiceRoom.ui,قدرة عشوائية ,Lucky Ball
70018,ChoiceRoom.ui,النظام,System
70019,ChoiceRoom.ui,مخزن المهارة,Skill Inventory
70020,ChoiceRoom.ui,هذه مباراة منفردة بامكانك التدرب مع لاعبين الكمبيوتر لن يتم حفظ سجل أي شيء من المباراة ضمن التصنيف,This is single match with AI players. You can practise with AI players.  The record is not apply the data in practise mode.
70021,ChoiceRoom.ui,هذه مباراة منفردة مع بطاقات الكمبيوتر الخاصة بك اكتشف ما هو مميز بفريقك انتبه اذا اردت اللعب مباراة فردية عليك بوضع بطاقات الكمبيوتر من مخزن البطاقات,"This is single match with your AI card. Figure out  the characteristic of your AI card. Warning: If you want to have a single match, you have to equip a AI card in your card inventory!"
70022,ChoiceRoom.ui,لا يعمل,Not in service
70023,ChoiceRoom.ui,هذه مباراة مع لاعب اخر اكتشف ما هو مميز بفريقك انتبه اذا اردت اللعب مباراة فردية علينا بوضع بطاقات الكمبيوتر من مخزن البطاقات,"This is single match with the other player.  Figure out  the characteristic of your AI card. Warning: If you want to have a single match, we have to equip a AI card in your card inventory!"
70024,ChoiceRoom.ui,هذه مباراة منفردة مع لاعب كمبيوتر مكافيء لمستوى لاعبك سيتم تحديد مستوى لاعب الكمبيوتر بشكل تلقائي,This is single match with balanced AI. The balance of AI player will be set automatically.
70025,ChoiceRoom.ui,هذه مباراة متعددة مع 5 لاعبين اخرين اذا كنت بحاجة للاعب اضافي في المباراة سيتم تعيين لاعب كمبيوتر بشكل تلقائي,"This is Multi match with other 5 players. If you need more player for having a match, AI player will be set  automatically"
70026,ChoiceRoom.ui,تدرب مع الكمبيوتر,Practise with AI
70027,ChoiceRoom.ui,تدرب مع بطاقات الكمبيوتر,Practise with AI card
70028,ChoiceRoom.ui,مهمة واحدة,Single Quest
70029,ChoiceRoom.ui,مباراة بطاقة كمبيوتر,AI Card Match
70030,ChoiceRoom.ui,1 ضد 1 ,1 vs 1
70031,ChoiceRoom.ui,5 ضد 5,5 vs 5
70032,ChoiceRoom.ui,التالي,Next
70033,ChoiceRoom.ui,حذف,Delete
80001,CreateCharacter.ui,النمط,Style
80002,CreateCharacter.ui,الجنس,Gender
80003,CreateCharacter.ui,الاسم,Name
80004,CreateCharacter.ui,البنطال,Pants
80005,CreateCharacter.ui,البشرة,Skin 
80006,CreateCharacter.ui,القمصان,Shirts
80007,CreateCharacter.ui,الأحذية,Shoes
80008,CreateCharacter.ui,تأكد,Check
80009,CreateCharacter.ui,جري,Running
80010,CreateCharacter.ui,مراوغة,Dribbling
80011,CreateCharacter.ui,خفة الحركة,Agility
80012,CreateCharacter.ui,القدرة على التحمل,Stamina
80013,CreateCharacter.ui,قفز,Jump
80014,CreateCharacter.ui,اختراق,Bodycheck
80015,CreateCharacter.ui,تقاطع,Crossing
80016,CreateCharacter.ui,تمريرة قصيرة,Short Pass
80017,CreateCharacter.ui,تمريرة طويلة,Long Pass
80018,CreateCharacter.ui,رأسية,Heading
80019,CreateCharacter.ui,تسديدات قصيرة,Short Shots
80020,CreateCharacter.ui,تسديدات طويلة,Long Shots
80021,CreateCharacter.ui,تحكم بالكرة,Ball Control
80022,CreateCharacter.ui,الخطف,Stealing
80023,CreateCharacter.ui,عرقلة,Tackling
80024,CreateCharacter.ui,يمسك,Catching
80025,CreateCharacter.ui,لكمة,Punching
80026,CreateCharacter.ui,الدفاع ,Defense
80027,CreateCharacter.ui,القدرة,Ability
80028,CreateCharacter.ui,مركز صانع الاهداف,The position to make the goals
80029,CreateCharacter.ui,يمكنك تطوير المركز عند المستوى 5,Possible to upgrade position at Lv. 5
80030,CreateCharacter.ui,يمكنك تطوير المركز عند المستوى 20,Possible to upgrade position at Lv. 20
80031,CreateCharacter.ui,هذا المركز وظيفته تتمركز في الهجوم و الدفاع,The position playes the role of both Striker & Defender at the same time
80032,CreateCharacter.ui,هذا المركز وظيفته تتمركز في منع الخصم من الهجوم,The position playes a role to prevent the opposition from attacking
80033,CreateCharacter.ui,هذا المركز للرأسية و الكرة العالية,The position for heading & high ball
80034,CreateCharacter.ui,هذا المركز للمراوغة و اهداف الملعب,The position for dribbling & field goal
80035,CreateCharacter.ui,هذا المركز للمراوغة السريعة و التقاطع,The position for fast dribble & crossing
80036,CreateCharacter.ui,هذا المركز للتسديدات القصيرة و الطويلة,The position for short & long shots
80037,CreateCharacter.ui,هذا المركز للتسديدات الطويلة,The position for long shots 
80038,CreateCharacter.ui,هذا المركز للتمريرة القصيرة المركزة,The position for stabilized short passing
80039,CreateCharacter.ui,هذا المركز للتمريرات الطويلة و التقاطع,The position for long passing & crossing
80040,CreateCharacter.ui,هذا المركز للدفاع في منطقة الوسط,The position for defense at the middle area
80041,CreateCharacter.ui,هذا المركز للدفاع في النهاية,The position for defense at the end
80042,CreateCharacter.ui,هذا المركز للدفاع من كرة عالية,The position of defense for high ball
80043,CreateCharacter.ui,هذا المركز للدفاع من رجل لرجل,The position of defense for man to man
80044,CreateCharacter.ui,لقد اخترت الهجوم هذا المركز يحتم عليك أن تكون متعطشا للأهداف الان%sستصبح كالجدول البياني اليميني,"You select FW.\FW need to be greedy for the goal.\Now, ?%s? will grow like right graph."
80045,CreateCharacter.ui,لقد اخترت خط الوسط هذا المركز يعتم عليك نشاطات متعددة  الان %s ستصبح كالجدول البياني اليميني,"You select MF.\MF need wide scope of activity.\Now, ?%s? will grow like right graph."
80046,CreateCharacter.ui,لقد اخترت الدفاع هذا المركز يمنحك مهارات دفاع عالية الان %s ستصبح كالجدول البياني اليميني ,"You select DF.\DF need stable defense ability.\Now, ?%s? will grow like right graph."
80047,CreateCharacter.ui,مرة اخرى ستختار مركز متخصص اكثر عندما تصبح في المستوى 20,One more\Will let you know the positions\for 2nd growth when become Lv 20.
80048,CreateCharacter.ui,مرحبا سعيد بلقائك انا اسمي بيليه و انا المدير وسأبقى معك الى ان تصبح لاعب ممتاز الان دعنا نختار شخصية لك ,"Hi! Nice to meet you.\I am ARUMI\I am the manager and will be with\you until you become great player.\Let's get along.\Now, let's create character"
80049,CreateCharacter.ui,قرر شكل شخصيتتك هذه الشخصية ستلعب المباراة عوضا عنك في X-Kick لذلك اخترها بعناية,"Decide with your style.\This character will play\the match instead of you in X-KICK\So, select with care."
80050,CreateCharacter.ui,انها المهارة الحالية لـ %s كل المهارات لديك منخفضة الان ولكن بمجرد انتهائك من التدريب جميع المهارات ستصبح مناسبة لك,"It's the current ability of. ?%s?\All the abilities now is very low,\but once you grow after tutorial\the abilities will be suitable for you."
80051,CreateCharacter.ui,"مراوغة,تسديدات قصيرة,تحكم بالكرة","Dribbling, Short shots, Ball control"
80052,CreateCharacter.ui,"خفة الحركة,تسديدات طويلة,خطف","Agility, Long shots, Stealing"
80053,CreateCharacter.ui,"القدرة على التحمل,خطف,عرقلة","Stamina, Stealing, Tackling"
80054,CreateCharacter.ui,شجرة المراكز لتسجيل الاهداف,The position for scoring the goals
80055,CreateCharacter.ui,هذا المركز متخصص بالهجوم والدفاع معا,The position involved in both Attacking &\Defending positions
80056,CreateCharacter.ui,هذا المركز هو لعرقلة الاعبين الخصم وعدم خسارة هدف,The position not to lose the goals and obstructthe opponent players
80057,CreateCharacter.ui,"ST ""“Striker مهاجم شرس: هذا المركز هو مهاجم في الخط الاول و يتلقى الكرات بسهولة \ على المهاجم الشرس ان يتخذ القرارات بشكل سريع عندما تسنح له الفرصة, و التحرك في ارض الملعب بشكل واسع لكي يمرر لاعبي خط الوسط و الدفاع له بسهولة \ المقدارت التي تتطور بشكل تلقائي: خفة الحركة, رأسية, تسديدات فصيرة \ المهارات: تسديدة طائرة, تسديدة رأسية صاروخية","1. Striker, having good heading & catching highball abilities\2. Overcome the weakness of agility & speed\by making goal ability."
80058,CreateCharacter.ui,"CF “Center Forward” مهاجم بارع: \ هذه المركز لديه مقدرة مراوغة جيدة و مهارة في تسجيل الاهداف, و ترتفع نسبة تسجيل الهدف عندما يكون مسيطرا على الكرة \ و لديه مهارة مراوغة و تسجيل اهداف ممتازة  المقدارت التي تتطور بشكل تلقائي: \ المراوغة, تسديدات القصيرة, التحكم بالكرة المهارات: \ تسديدة منخفضة, الركلة الجانبية الملتفة","1. Center Forward, having good dribbling skill &field goals\2. The best goal-scorer, having a ball."
80059,CreateCharacter.ui," “Wing forward” WFمهاجم مراوغ: \ هذا المركز متخصص بالمراوغة السريعة و العبور الممتاز مركز المهاجم المراوغ مركز مميز مختص بتمرير الكرة للمهاجمين المتواجدين في الوسط \ و عندما تسنح لهم اي فرصة يمكنهم احراز هدف مع مراوغة المقدارت التي تتطور بشكل تلقائي: \ مراوغة, خفة الحركة, تسديدات القصيرة المهارات: تمريرة سريعة منخفضة, عبور منزلق","1. Wing Forward, having the fasted dribbling\skill & crossing from side\2. Good scorer."
80060,CreateCharacter.ui,"SS “Shadow Striker” صانع اللعبة: \ هذا المركز لديه القدرة على تسجيل الاهداف من اي مكان, يعتمد هذا المركز على اللعب الجماعي و احراز الاهداف \ لذلك هذا المنصب يشكل تهديد للفريق الخصم المقدارت التي تتطور بشكل تلقائي: \ القدرة على التحمل, التسديدات القصيرة, التسديات الطويلة المهارات: \ ركلة لافونا, تسديدة ايدملسون, تمريرة قصيرة للهدف","1. Shadow Striker, possible to make a goal fromanywhere\2. Good assistor & scorer but low dribbling skill &ball control."
80061,CreateCharacter.ui,"AM “Attack Midfielder” لاعب خط الوسط الهجومي \  هذه المركز يعتمد على التسديدات الطويلة الناجحة و المساعدة في احراز الاهداف. و ايضا لديه قوة الهجوم كمركز المهاجم تماما \ المقدارت التي تتطور بشكل تلقائي: المراوغة, التسديدات الطويلة, التحكم بالكرة \ المهارات ركلة بوجه القدم, روليت مزدوجة, تمريرة قصيرة مستهدفة مباشرة","1. Attacking Midfielder, delivering a ball to\forward also having the long shot\2. Good dribbler but low defensive ability."
80062,CreateCharacter.ui,"CM (Center Midfielder) لاعب خط وسط محوري \ هذا المركز يتحكم بالمبارة و له دور كبير جداً في الربط بين خطي الدفاع والهجوم و لديه نظرة واسعة لمجريات اللعبة و بامكانه الاستحواذ على الكرة الضائعة و قطع التمريرات \ المقدارت التي تتطور بشكل تلقائي: القدرة على التحمل, التسديدات الطويلة, الاختطاف  المهارات الالتقاط الخاطف, العبور النصفي","1. Center Midfielder, controlling of game speedfor Attacking & Defending the both\2. The best passing player."
80063,CreateCharacter.ui,"SM “Side Midfielder” لاعب خط وسط جانبي \ لاعبي هذا المركز هم خليط ما بين الهجوم و الدفاع، يلعبون بفن وبجدية ويتميزون بالدقة و تجاوز السريع لمسافات بعيدة \ و هم يعتبرون المحرك الاساسي للفريق و هو مركز الوصل بين خط الوسط و الهجوم المقدارت التي تتطور بشكل تلقائي: \ المراوغة, التسديدات الطويلة, الاختطاف المهارات عبور خلفي, تمريرة طويلة منزلقة","1. Side Midfielder, having good dribbling &\crossing\2. The speed is lower than WF, but the\Defending ability is higher."
80064,CreateCharacter.ui,"DM (Defense Midfielder) لاعب وسط المدافع \ هذه المركز يعتمد على الاختطاف و العرقلة, و تأمين الدفاع وإعطاء زملائه اللاعبين حرية التقدم للأمام دون قلق \ مهمة هذا اللاعب الاختطاف و العرقلة و هو مسؤول عن صد التسديدات المقدارت التي تتطور بشكل تلقائي: القدرة على التحمل, الاختطاف, التصدي \ المهارات تمريرة مقطوعة, وضوح نصفي","1. Defensive Midfielder, having good stealing &tackling\2. Close to Defender, not to make a goal easy\but having good defensive skills."
80065,CreateCharacter.ui,"SW “Sweeper” مدافع قشاش: \ هذا المركز مسؤول عن الحماية الهدف من المهاجمين و لديه قدرة دفاع فعالة في اللعبة بالاضافة لمهارات الاختطاف و العرقلة و الرأسية المميزة \ المقدارت التي تتطور بشكل تلقائي: خفة الحركة, القفز, العرقلة المهارات: \ دفع الراكض, وضوح حسي, وهمي سمائي, وهمي عالي","1. Sweeper, the last player covering the wholearea behind a line of defenders\2. Good defender, but slow player."
80066,CreateCharacter.ui,"CB “Central Back” قلب دفاع: \ هذا المركز لديه سرعة جيدة للدفاع من الخصم منصبي SW و CB متشابهين كثيرا و لكن مركز CB مركز له طابع هجومي اكثر \ المقدارت التي تتطور بشكل تلقائي: خفة الحركة, الاختراق, العرقلة المهارات: \ عرقل و التقط, دفع المراوغ, تمرير طويل واضح","1. Center back, the center of defense blockingthe opponent players with high speed\2. Good for high ball and tackling."
80067,CreateCharacter.ui,"SP (Stopper) مدافع شرس: \ هذا المركز متخصص بالدفاع من رجل لرجل و لديه مهارات جيدة في اختطاف الكرة و عرقلة اللاعبين \ اهم نقطة يجب ان يراعيها المدافع الشرس ان يكون متأكدا من ان الفريق يهاجم بشكل سلس \ المقدارت التي تتطور بشكل تلقائي: خفة الحركة, القدرة على التحمل, العرقلة \ المهارات: هجوم خلفي, التقاط الجسد, دفع الجسد","1. Stopper, having good man to man defense\ability\2. Low ability taking high ball but having a\special heading shot at the counter attack."
80068,CreateCharacter.ui,1حارس المرمى لديه قدرة في التقاط الكرة ضمن مربع الحراسة لمنع الخصم من تسجيل الهدف 2 مهاراته ليست كالاخرين خارج مربع الحراسة,"1. Goalkeeper, possible to catch the ball in thegoalkeeper to prevent the opposition from\scoring\2. The lowest field player at the out of\goalkeeper area."
80069,CreateCharacter.ui,نتائج مبارياته,s match result
80070,CreateCharacter.ui,وصف المركز,Description of the position
80071,CreateCharacter.ui,التطور التلقائي,Automatic growth
80072,CreateCharacter.ui,شجرة المناصب,Position Tree
80073,CreateCharacter.ui,قائمة المهارات,Skill List
80074,CreateCharacter.ui,إنشاء شخصية,CreateCharacter
90001,CreateQuest.ui,الأداة,Item
90002,CreateQuest.ui,بلا,None
90003,CreateQuest.ui,النقاط,Points
90004,CreateQuest.ui,EXP,EXP
90005,CreateQuest.ui,تفاصيل المهمة,Quest Detail
90006,CreateQuest.ui,الحالة:,Condition :
90007,CreateQuest.ui,الوصف,Description
90008,CreateQuest.ui,المستوى:,Level :
90009,CreateQuest.ui,اللاعب:,Player :
90010,CreateQuest.ui,السمعة: ,Repetition :
90011,CreateQuest.ui,كلمة السر,Password
90012,CreateQuest.ui,الطلب,Order
90013,CreateQuest.ui,غير مكتمل,Incompleted
90014,CreateQuest.ui,تم,Completed
90015,CreateQuest.ui,المستوى  ,Level
90016,CreateQuest.ui,اللاعب,Player
90017,CreateQuest.ui,السمعة,Repetition
90018,CreateQuest.ui,الحالة   ,Condition
90019,CreateQuest.ui,مهمة جدبدة,New Quest
90020,CreateQuest.ui,نوع المهمة,Quest Type
100001,CreateRoom.ui,الإعداد,Setting
100002,CreateRoom.ui,خصص الكمبيوتر,Set AI
100003,CreateRoom.ui,نوع المبارة,Match type
100004,CreateRoom.ui,عادي,Normal
100005,CreateRoom.ui,الرهان,Betting
100006,CreateRoom.ui,اللقب,Title
100007,CreateRoom.ui,كلمة السر,Password
100008,CreateRoom.ui,اللاعب,Player
100009,CreateRoom.ui,حارس مرمى فقط,Goalee Only
100010,CreateRoom.ui,كافة المراكز,All positions
100011,CreateRoom.ui,بدون لاعبين كمبيوتر,No AI players
100012,CreateRoom.ui,التفصيل,Detail
100013,CreateRoom.ui,"يمكنك لعب مبارة الرهان,عندما تصبح المستوى 20","Possilbe to play the betting match, when you meet the Lv.20"
100014,CreateRoom.ui,المستوى,Level
100015,CreateRoom.ui,نقاط الرهان,Betting Points
100016,CreateRoom.ui,300 نقطة,Points 300
100017,CreateRoom.ui,500 نقطة,Points 500
100018,CreateRoom.ui,1000 نقطة,Points 1000
100019,CreateRoom.ui,المراكز,Positons
100020,CreateRoom.ui,الكرة,Ball 
100021,CreateRoom.ui,الوقت,Time
100022,CreateRoom.ui,الطقس,Weather
100023,CreateRoom.ui,سماح بتغير الوقت,Allow changing\Time
100024,CreateRoom.ui,سماح بتغير الطقس,Allow changing\Weather
100025,CreateRoom.ui,فقط النادي,Club only
100026,CreateRoom.ui,المشاهد,Observer 
100027,CreateRoom.ui,السماح بالمحادثة,Allow Chat
100028,CreateRoom.ui,الخيارات,Options
100029,CreateRoom.ui,السلسلة,Sequence
100030,CreateRoom.ui,عشوائي,Random
100031,CreateRoom.ui,المستوى ±5,LEVEL ±5
100032,CreateRoom.ui,المستوى ±10 ,LEVEL ±10
100033,CreateRoom.ui,الكل,ALL
100034,CreateRoom.ui,منفرد,Single
100035,CreateRoom.ui,مباراة بطاقة الكمبيوتر,AI card match
100036,CreateRoom.ui,مستوى %d-%d,%d-%d Level
100037,CreateRoom.ui,خيارات اللعب,Play mode setting
100038,CreateRoom.ui,اعدادات الكمبيوتر,AI setting
100039,CreateRoom.ui,اختر المنطقة,Select Local area
100040,CreateRoom.ui,بدون كمبيوتر,Unable AI
100041,CreateRoom.ui,مع كمبيوتر,Enable AI
100042,CreateRoom.ui,السعودية,Saudi Arabia
100043,CreateRoom.ui,الجزائر,Algeria
100044,CreateRoom.ui,المغرب,Morroco
100045,CreateRoom.ui,البحرين,Bahrain
100046,CreateRoom.ui,عراق,Iraq
100047,CreateRoom.ui,لبنان,Lebanon
100048,CreateRoom.ui,سوريا,Syria
100049,CreateRoom.ui,الامارات العربية المتحدة,United Arab Emirates
100050,CreateRoom.ui,عمان,Oman
100051,CreateRoom.ui,الاردن,Jordan
100052,CreateRoom.ui,تونس,Tunisia
100053,CreateRoom.ui,مصر,Egypt
100054,CreateRoom.ui,قطر,Qatar
100055,CreateRoom.ui,فلسطين,Palestine
100056,CreateRoom.ui,الكويت,Kuwait
100057,CreateRoom.ui,اليمن,Yemen
100058,CreateRoom.ui,ليبيا,Libya
100059,CreateRoom.ui,السودان,Sudan
110001,GameLoading.ui,مشاهد 1,Observer 1
110002,GameLoading.ui,مشاهد 2,Observer 2
110003,GameLoading.ui,مشاهد 3,Observer 3
110004,GameLoading.ui,مشاهد 4,Observer 4
110005,GameLoading.ui,المساواة,Equality
110006,GameLoading.ui,الهيمنة,Dominance
110007,GameLoading.ui,التنحي,Recessiveness
120001,GamePlay.ui,+ 100 نقطة,+ 100 Points
120002,GamePlay.ui,كن متأكد من الفوز,Be sure to Win!
120003,GamePlay.ui,احتفظ بالفوز,Keep the victiory!
120004,GamePlay.ui,كن متأكد من الفوز,Be sure to Win!
120005,GamePlay.ui,دليل تعليمي,TUTORIAL
130001,GameResult.ui,النتيجة,Score
130002,GameResult.ui,نجم المبارة,MVP
130003,GameResult.ui,احصائيات الفريق,Team Stats
130004,GameResult.ui,القطع,Cutting
130005,GameResult.ui,التسديد,Shots
130006,GameResult.ui,الخطف,Steals
130007,GameResult.ui,العرقلة,Tackles
130008,GameResult.ui,ممتلكات,Possession
130009,GameResult.ui,الترقية,Promotion
130010,GameResult.ui,الاسم,Name
130011,GameResult.ui,المكافئة,Reward  
130012,GameResult.ui,بطاقة اضافية,Bonus Card
130013,GameResult.ui,وصف المهمة,Quest Description
130014,GameResult.ui,مبروك لقد بلغت المستوى 10انتقل للصفحة لتطوير شخصيتك,Congratulations!\Achieve Lv.10\Move to the page for upgrading your character.
130015,GameResult.ui,نتيجة اللعبة,GameResult
130016,GameResult.ui,النقاط و الخبرة المكتسبة,Acquired Points and EXP
130017,GameResult.ui,الخبرة المكتسبة,Acquired EXP
130018,GameResult.ui,النقاط المكتسبة,Acquired Points
130019,GameResult.ui,قائمة الجوائز,Reward List
130020,GameResult.ui,المهمة,Mission
140001,GameResult_open.ui,نتيجة اللعبة,Game Result
150001,ItemBag.ui,ماركة,Brand
150002,ItemBag.ui,مميز,Hit
150003,ItemBag.ui,جديد,New
150004,ItemBag.ui,سلة المشتريات,Cart
150005,ItemBag.ui,الكل,All
150006,ItemBag.ui,الرأس,Head
150007,ItemBag.ui,الوجه,Face
150008,ItemBag.ui,طلاء الوجه,Face Painting
150009,ItemBag.ui,البنطال,Pants
150010,ItemBag.ui,القمصان,Shirts
150011,ItemBag.ui,القفازات,Gloves
150012,ItemBag.ui,الاحذية,Shoes
150013,ItemBag.ui,الجوارب,Socks
150014,ItemBag.ui,الأقراط,Earrings
150015,ItemBag.ui,النظارات,Glasses
150016,ItemBag.ui,القلادات,Necklaces
150017,ItemBag.ui,الأقنعة,Masks
150018,ItemBag.ui,ربطة اليد,Elbow Bands
150019,ItemBag.ui,ربطة المعصم,Wrist Bands
150020,ItemBag.ui,ربطة الركبة,Knee Guards
150021,ItemBag.ui,أدوات التشجيع,Cheering Tools
150022,ItemBag.ui,الخانات,Slots
150023,ItemBag.ui,المشروبات,Drinks
150024,ItemBag.ui,شوكولا,Bars
150025,ItemBag.ui,الكل,All
150026,ItemBag.ui,المهارة Lv.,Skill Lv.
150027,ItemBag.ui,الإجهاد,Fatigue
150028,ItemBag.ui,المستوى,Level
150029,ItemBag.ui,المرتبة S,Rank S
150030,ItemBag.ui,المرتبة A,Rank A
150031,ItemBag.ui,المرتبة B,Rank B
150032,ItemBag.ui,المرتبة C,Rank C
150033,ItemBag.ui,المرتبة D,Rank D
150034,ItemBag.ui,الهدايا,Parcel
150035,ItemBag.ui,كاتم الصوت,Muffler
150036,ItemBag.ui,حقيبة الظهر,Backpack
150037,ItemBag.ui,الهجوم,Attack
150038,ItemBag.ui,الوسط,Middle
150039,ItemBag.ui,الدفاع ,Defense
150040,ItemBag.ui,العنصر,Element
150041,ItemBag.ui,معلومات بطاقة الكمبيوتر,AI Card Info
150042,ItemBag.ui,العضو المبتدأ,Starting Member(s)
150043,ItemBag.ui,مزج,MIX
150044,ItemBag.ui,بطاقة المزج,Mix Card
150045,ItemBag.ui,تطوير,Enchant
150046,ItemBag.ui,اسم الاداة,Item name
150047,ItemBag.ui,وضع,Take on
150048,ItemBag.ui,ازالة,Take off
150049,ItemBag.ui,تطوير,Upgrade
150050,ItemBag.ui,عادي,NORMAL
150051,ItemBag.ui,نادر,RARE
150052,ItemBag.ui,مميز,SPECIAL
150053,ItemBag.ui,ازالة الكل,Take off all
150054,ItemBag.ui,مركز,Position
150055,ItemBag.ui,اعادة بيع,Resell
150056,ItemBag.ui,تطوير الأداة,Enchant Item Slot
150057,ItemBag.ui,اصلاح,Repair
160001,ItemDialog.ui,شراء أداة,Buy Item
160002,ItemDialog.ui,ن,P
160003,ItemDialog.ui,و,C
160004,ItemDialog.ui,رصيدك,Your Balance
160005,ItemDialog.ui,سعر الأداة,Item Price
160006,ItemDialog.ui,رصيد جديد,New Balance
160007,ItemDialog.ui,هل ترغب بشراء الأداة؟,Would you like to buy the item?
160008,ItemDialog.ui,رسالة,Message
160009,ItemDialog.ui,إيجاد صديق,Find Friend
160010,ItemDialog.ui,هل ترغب في إهداء الأداة؟,Would you like to gift the item?
160011,ItemDialog.ui,هل ترغب في تبديل الاداة؟,Would you like to exchange the item?
160012,ItemDialog.ui,شراء بطاقة,Buy Card
160013,ItemDialog.ui,هل تريد شراء البطاقة,Would you like to buy the card?
160014,ItemDialog.ui,طلب شراء,Order
160015,ItemDialog.ui,الشخصية,Character
160016,ItemDialog.ui,التاريخ,Date
170001,ItemShop.ui,اللباس,Uniform
170002,ItemShop.ui,الرقم,Number
170003,ItemShop.ui,غذاء,Foods
170004,ItemShop.ui,الادوات التي يمكن شرائها اليوم ... يتم اضافة ادوات كل يوم الساعة 12 صباحا,The items possible to buy today.\The new items will come every 12:00am.
170005,ItemShop.ui,بطاقات الكمبيوتر,All Cards
170006,ItemShop.ui,المركز,Position
170007,ItemShop.ui,نمط التحكم,Activity
170008,ItemShop.ui,مبروك لقد حصلت على بطاقة مستوى D,Congratulations! You take a D grade card
170009,ItemShop.ui,مبروك لقد حصلت على بطاقة مستوى C,Congratulations! You take a C grade card
170010,ItemShop.ui,مبروك لقد حصلت على بطاقة مستوى B,Congratulations! You take a B grade card
170011,ItemShop.ui,مبروك لقد حصلت على بطاقة مستوى A,Congratulations! You take a A grade card
170012,ItemShop.ui,مبروك لقد حصلت على بطاقة مستوى S,Congratulations! You take a S grade card
170013,ItemShop.ui,اداة هدية,Gift Item
170014,ItemShop.ui,اداة مبادلة,Exchange Item
170015,ItemShop.ui,خيارات اللعبة,Item option(s)
170016,ItemShop.ui,الشخصية,Character
170017,ItemShop.ui,تعليق,Comment
170018,ItemShop.ui,وقت الاستخدام %d/%d,Durability %d/%d
170019,ItemShop.ui,دائم,Permanent
170020,ItemShop.ui,وظائفي,Functionality
170021,ItemShop.ui,قابل للتطوير,Expendability
170022,ItemShop.ui,تحديث %d الأدوات الجديدة,Refresh %d New items 
170023,ItemShop.ui,أداوت جديدة,New items
180001,MessageBox.ui,رسالة,Message
180002,MessageBox.ui,يرجى اختيار المفتاح,"Please, set the key"
190001,Option.ui,خيار اللعبة,Game Option
190002,Option.ui,الكاميرا,Camera
190003,Option.ui,زووم,Zoom
190004,Option.ui,اسماء,Names
190005,Option.ui,تفعيل,Enable
190006,Option.ui,إلغاء,Disable
190007,Option.ui,دعوة,Invitation
190008,Option.ui,تأثيرات الصوت,Effect Sound
190009,Option.ui,موسيقى الخلفية,BGM
190010,Option.ui,إخفاء,Hide
190011,Option.ui,الكل,All
190012,Option.ui,الهدف,Target
190013,Option.ui,الفريق,Team
190014,Option.ui,نقطة العرض  التحكم,View point\Control
190015,Option.ui,Gamma,Gamma
190016,Option.ui,وضع الشاشة,Screen Mode
190017,Option.ui,كامل,Full
190018,Option.ui,نافذة,Window
190019,Option.ui,Anti-Aliasing,Anti-Aliasing
190020,Option.ui,تأثيرات الطقس,Weather Effect
190021,Option.ui,تأثيرات اللعبة,Game Effect
190022,Option.ui,تأثيرات الخلفية,BG.Effect
190023,Option.ui,الظل,Shadow
190024,Option.ui,إخفاء,Hide
190025,Option.ui,إظهار,Visible
190026,Option.ui,تأثير Bloom,Bloom Effect
190027,Option.ui,وضع اللعبة,Game Mode
190028,Option.ui,عادي,Normal
190029,Option.ui,عريض,Wide
190030,Option.ui,منخفض,Low
190031,Option.ui,عادي,Normal
190032,Option.ui,عالي,High
190033,Option.ui,تأثير الأنعكاس,Reflection Effect
190034,Option.ui,أنعكاس الخريطة,Reflection Map
190035,Option.ui,سطوع الشخصيات,Character Light
190036,Option.ui,مواصفات جهاز الكمبيوتر,PC Specification
190037,Option.ui,منخفض,Low
190038,Option.ui,متوسط,Medium
190039,Option.ui,عالي,High
190040,Option.ui,التحكم,Controller
190041,Option.ui,حركة للأمام,Front Move
190042,Option.ui,لوحة المفاتيح,Keyboard
190043,Option.ui,هجوم,Offense
190044,Option.ui, أعدادات التحكم,Key setting
190045,Option.ui,الدفاع ,Defense
190046,Option.ui,ركض سريع,Fast Running
190047,Option.ui,مراوغة سريعة,Fast Dribble
190048,Option.ui,خطف,Steal
190049,Option.ui,المهارات,Skills
190050,Option.ui,عرقلة,Tackle
190051,Option.ui,حجب,Screen
190052,Option.ui,تمريرة من بين القدمين,Thru Pass
190053,Option.ui,تمريرة قصيرة مباشرة,Direct Short pass
190054,Option.ui,تمريرة قصيرة,Short pass
190055,Option.ui,تمريرة بعيدة مباشرة,Direct Long pass
190056,Option.ui,تمريرة طويلة,Long pass
190057,Option.ui,ضربة مباشره يمينية,Right Direct shot
190058,Option.ui,ضربة يمينية,Right Shot
190059,Option.ui,ضربه مباشره يسارية,Left Direct Shot
190060,Option.ui,ضربة يسارية,Left Shot
190061,Option.ui,حركة لليمين,Right Move
190062,Option.ui,حركة لليسار,Left Move
190063,Option.ui,حركة للخلف,Back Move
190064,Option.ui,ركض سريع 2,Fast Running2
190065,Option.ui,مراوغة سريعة 2,Fast Dribble2
190066,Option.ui,مسار,Track
190067,Option.ui,موسيقى افتراضية,Default BGM
190068,Option.ui,موسيقى المستخدم,User BGM
190069,Option.ui,استرجاع قائمة التشغيل,Retrieved File List
190070,Option.ui,شكرأ جزيلاً لك,Thank you very much!
190071,Option.ui,أفتراضي,Default
190072,Option.ui,تغير,Change
190073,Option.ui,ابتهج,Cheer Up!
190074,Option.ui,حسناً,It's ok
190075,Option.ui,يا خسارة,My bad
190076,Option.ui,محاولة جيدة,Nice Try!
190077,Option.ui,اخلاء جيد,Nice Clear!
190078,Option.ui,تمريرة جيدة,Nice Pass!
190079,Option.ui,تسديده جيدة,Nice Shoot!
190080,Option.ui,اللغة,Language 
190081,Option.ui,يد التحكم,Joystick
190082,Option.ui,افتراضي,Default
190083,Option.ui,مفاتيح المهارة,Skill Keys
190084,Option.ui,افتراضي,Default
190085,Option.ui,المستخدم,User
190086,Option.ui,ضبط,Adjust
190087,Option.ui,وضع كامل,Full Mode
190088,Option.ui,وضع نافذه %s,Wondow Mode %s
200001,PasswordBox.ui,كلمة السر,Password
200002,PasswordBox.ui,أدخل كلمة السر,Input password
210001,PlayerInformation.ui,معلوماتي,My Information
210002,PlayerInformation.ui,المجموع,Total
210003,PlayerInformation.ui,شهري,Monthly
210004,PlayerInformation.ui,المباريات,Matches
210005,PlayerInformation.ui,عدد المرات,No. of Times
210006,PlayerInformation.ui,التقييم,Ranking
210007,PlayerInformation.ui,جوائزي,My trophies
210008,PlayerInformation.ui,معلومات اللعبة,Play Info.
210009,PlayerInformation.ui,الاستهلاك,Consumption
210010,PlayerInformation.ui,قائمة المتاجرة,Trade List
210011,PlayerInformation.ui,النادي,Club:
210012,PlayerInformation.ui,المستوى,Level:
210013,PlayerInformation.ui,اللقب,Title:
210014,PlayerInformation.ui,المركز,Position:
210015,PlayerInformation.ui,الحالة,Status:
210016,PlayerInformation.ui,الاسم,Name:
210017,PlayerInformation.ui,التطور التلقائي,Auto Growth
210018,PlayerInformation.ui,النقاط الاضافية,Bonus Points
210019,PlayerInformation.ui,الحالة,Status
210020,PlayerInformation.ui,اسم الاداة,Item name
210021,PlayerInformation.ui,التأثير,Effection
210022,PlayerInformation.ui,العدد,Quantity
210023,PlayerInformation.ui,التاريخ,Date
210024,PlayerInformation.ui,الاسم,Name
210025,PlayerInformation.ui,النوع,Type
210026,PlayerInformation.ui,الكمية,Amount 
210027,PlayerInformation.ui,الكأس,Trophy 
210028,PlayerInformation.ui,هذا الربع,This quarter
210029,PlayerInformation.ui,الربع الأخير,Last quarter
210030,PlayerInformation.ui,قائمة اعضاء النادي,Club member list
210031,PlayerInformation.ui,قائمة الاصدقاء,Friend list
210032,PlayerInformation.ui,القائمة السوداء,Black list
210033,PlayerInformation.ui,الحالة,Status
210034,PlayerInformation.ui,معلومات النادي,Club Info.
210035,PlayerInformation.ui,أعضاء النادي,Club member
210036,PlayerInformation.ui,أسم النادي,Club name
210037,PlayerInformation.ui,عدد الاعضاء,Qty of member
210038,PlayerInformation.ui,قائد,Captain
210039,PlayerInformation.ui,نائب الكابتن,Vice captain
210040,PlayerInformation.ui,نقاط النادي,Club Point
210041,PlayerInformation.ui,متوسط التصويت,Avg. Vote
210042,PlayerInformation.ui,التصنيف,Ranking
210043,PlayerInformation.ui,المباريات,Match(es)
210044,PlayerInformation.ui,وقت اللعب,Playing Time
210045,PlayerInformation.ui,النادي,Club
210046,PlayerInformation.ui,عدد مرات الفوز,Number of Win
210047,PlayerInformation.ui,تعادل,Draw
210048,PlayerInformation.ui,تمريرة,Pass
210049,PlayerInformation.ui,صد,Guard
210050,PlayerInformation.ui,اعداد التمريرات الصحيحة,A valid pass
210051,PlayerInformation.ui,اعداد الصد الصحيحة,A valid guard
210052,PlayerInformation.ui,تسجيل,Record
210053,PlayerInformation.ui,اخسر نقطة,Lose a point
210054,PlayerInformation.ui,نتيجة,Result
210055,PlayerInformation.ui,القائمة,List
210056,PlayerInformation.ui,العاب,Games
210057,PlayerInformation.ui,الربح,Win
210058,PlayerInformation.ui,تعادل,Draw
210059,PlayerInformation.ui,النتيجة,Score
210060,PlayerInformation.ui,رقم,number
210061,PlayerInformation.ui,مجموع النتيجة,Total Score
210062,PlayerInformation.ui,قطع صحيح,Valid Cutting
210063,PlayerInformation.ui,تسديد صحيح,Valid Shooting
210064,PlayerInformation.ui,خطف صحيح,Valid Steal
210065,PlayerInformation.ui,عرقلة صحيحة,Valid Tackle
210066,PlayerInformation.ui,تمريرة صحيحة,Valid Pass
210067,PlayerInformation.ui,صد صحيح,Valid Guard
210068,PlayerInformation.ui,محاولة تسديد,Try Shoot
210069,PlayerInformation.ui,محاولة خطف,Try steal
210070,PlayerInformation.ui,محاولة عرقلة,Try tackle
210071,PlayerInformation.ui,محاولة تمرير,Try pass
210072,PlayerInformation.ui,محاولة صد,Try guard
210073,PlayerInformation.ui,الفوز,Win
210074,PlayerInformation.ui,نتيجة الفوز,Victory score
210075,PlayerInformation.ui,القطع,Cutting
210076,PlayerInformation.ui,نسبة اهداف وسطية,Average goal
210077,PlayerInformation.ui,نسبة مساندة وسطية,Average assist
210078,PlayerInformation.ui,نسبة قطع وسطية,Average cutting
210079,PlayerInformation.ui,نسبة تسديد وسطية,Average shooting
210080,PlayerInformation.ui,نسبة خطف وسطية,Average steal
210081,PlayerInformation.ui,نسبة عرقلة وسطية,Average tackle
210082,PlayerInformation.ui,نسبة تمرير وسطية,Average pass
210083,PlayerInformation.ui,نسبة الانتصارات,Victory rate
210084,PlayerInformation.ui,نسبة نجاح التسديد,Shooting success rate
210085,PlayerInformation.ui,نسبة نجاح الخطف,Steal success rate
210086,PlayerInformation.ui,نسبة نجاح العرقلة,Tackle success rate
210087,PlayerInformation.ui,نسبة نجاح التمرير,Pass success rate
210088,PlayerInformation.ui,المجموع,Total
210089,PlayerInformation.ui,ربع السنة,Quarter of a year
210090,PlayerInformation.ui,اختيار,selection
210091,PlayerInformation.ui,ترتيب,ranking
220001,SkillBag.ui,المهارات,Skills
220002,SkillBag.ui,أخرون,All Skills
220003,SkillBag.ui,المستوى,Level
220004,SkillBag.ui,Lv.  ,Lv.
220005,SkillBag.ui,وقت التحمية,Cool Time
220006,SkillBag.ui,تأثير,Effect
220007,SkillBag.ui,Lv.1,Lv.1
220008,SkillBag.ui,Lv.2,Lv.2
220009,SkillBag.ui,Lv.3,Lv.3
220010,SkillBag.ui,[مفاتيح ],[Keys]
220011,SkillBag.ui,[الوصف],[Description]
220012,SkillBag.ui,نفاط المهارة,Skill Points
220013,SkillBag.ui,مكان فارغ,Empty Slot
230001,SkillDialog.ui,شراء المهارة,Buy Skill
230002,SkillDialog.ui,هل ترغب بشراء المهارة؟,Would you like to buy the skill?
230003,SkillDialog.ui,هل ترغب بشراء التدريب؟,Would you like to buy the trainning?
230004,SkillDialog.ui,هل ترغب بشراء الاحتفال؟,Would you like to buy the ceremony?
240001,SkillShop.ui,مهاراتي,My Skills
240002,SkillShop.ui,شراء تدريب,Buy Training
240003,SkillShop.ui,شراء احتفال,Buy Ceremony
250001,SkillView.ui,المعاينة,Preview
260001,TutorialMain.ui,المكافأت:,Reward:
260002,TutorialMain.ui,فوز بهذه اللعبة مع لاعبين كمبيوتر ضمن وقت محدد,Win the game with a AI player a limited time.
260003,TutorialMain.ui,حافظ على الفوز مع لاعبين الكمبيوتر! \ دافع من الاعبين الخصم \ خلال الوقت المتاح,Keep the victiory with\AI team member!\Defense from opponent\AI players within given\time.
260004,TutorialMain.ui,كن متأكد من الفوز! اربح المبارة مع الشرط المحدد,Be sure to win!\Win the match with\limited condition.
260005,TutorialMain.ui,فوز بهذه اللعبة,Win the game.
260006,TutorialMain.ui,لا تخسر اكثر من هدفين,Win the opponent
260007,TutorialMain.ui,فوز بالمبارة بأكثر من هدف واحد,Win the match with more than 1 goal
260008,TutorialMain.ui, + 3000 نقطة, + 3000 Points
260009,TutorialMain.ui,مهمة متدرب,Trainee Quest
270001,TutorialPlay.ui,الحالة,Status
270002,TutorialPlay.ui,يمكن تعديل أزرار التحكم من خيارات تحكم أزرار اللعبة ,Possible to change the control buttons at the key setting of Game option.
270003,TutorialPlay.ui,أضغط الزر مرة أخرى بعد ضغط الزر أو استمر بالضغط الزر,Press the key again after press the key or keep pressing the key more than 1 sec
270004,TutorialPlay.ui, D :تسديده يسارية F :تسديده يمينية ,Left shot: D /Right shot: F
270005,TutorialPlay.ui,أضغط الزر قبل وصول الكرة,Press the key before the ball arrives
270006,TutorialPlay.ui,التمريرة المباشرة: أضغط S او A قبل وصول الكرة.,Direct pass: Press S or A key before the ball arrives
270007,TutorialPlay.ui,العرقلة من مسافة قريبة لها معدل نجاح عالي.,Tackling from the close range has an higher success rate
270008,TutorialPlay.ui,أضغط الزر قبل وصول الكرة,Press the key before the ball arrives
280001,QuestMain.ui,"هذه المرحلة المتوسطة من التدريب ,, يجب عليك ان تلعب ضد فريق قبل انت تلعب مع اشخاص حقيقين","It's a middle level tutorial, which have a test match with AI team before having the real match with users."
290001,GameResult.ui,رقم المهمة.,Quest No.
300001,TutorialGuide.ui,هذا من اجل القدرات الاساسية.. يجب ان تتقنها قبل البداية,That is for the basic abilities.\Need to know before starting!
300002,TutorialGuide.ui,- تسديد ,­ Shooting
300003,TutorialGuide.ui,- تمريرة قصيرة,­ Short pass
300004,TutorialGuide.ui,- تمريرة طويلة,­ Long pass
300005,TutorialGuide.ui,- عرقلة,­ Tackle
300006,TutorialGuide.ui,(D تسديدة يسارية\F تسديدة يمينية),"(D Left shot, F Right shot)"
300007,TutorialGuide.ui,تحرك الطبيعي,Normal moving
300008,TutorialGuide.ui,تحرك مع الكرة,Moving with ball
300009,TutorialGuide.ui,التحرك السريع,Quick moving
300010,TutorialGuide.ui,"زيادة الوقت لاستخدام ""الرشاقة""",Increase the time to use 'Agility' 
300011,TutorialGuide.ui,قبل السيطرة على الكرة عالية,Prior occupation for high ball
300012,TutorialGuide.ui,اختراق اللاعب الخصم للاستيلاء على الكرة,Struggling against opponent player to have the ball
300013,TutorialGuide.ui,التحكم بطاقة تقاطع الكرة,Controlling the power of ball crossing
300014,TutorialGuide.ui,التحكم بطاقة التمرير,Controlling the power of passing
300015,TutorialGuide.ui,التحكم بطاقة التمريرة الطويلة,Controlling the power of long passing
300016,TutorialGuide.ui,الاحتفاظ بالكرة,Keeping the ball
300017,TutorialGuide.ui,أخذ الكرة من اللاعب الخصم,Taking the ball from a opponent player
300018,TutorialGuide.ui,أخذ الكرة من اللاعب الخصم بالعرقلة,Taking the ball from a opponent player by tackling
300019,TutorialGuide.ui,زيادة دقة الضربة الرأسية,Increase the accuracy of heading shot 
300020,TutorialGuide.ui,زيادة دقة التسديدة القصيرة,Increase the accuracy of short shot 
300021,TutorialGuide.ui,زيادة دقة التسديدة الطويلة,Increase the accuracy of long shot 
300022,TutorialGuide.ui, تعلم المزيد عن الحالة الفيزيائية,? Learn more physical Status ?
300023,TutorialGuide.ui, تعلم المزيد عن الحالة الدفاعية,? Learn more defensive Status ?
300024,TutorialGuide.ui, تعلم المزيد عن الحالة التقنية,? Learn more technique Status ?
300025,TutorialGuide.ui, تعلم المزيد عن الحالة الهجومية,? Learn more offensive Status ?
300026,TutorialGuide.ui, تعلم المزيد عن الحالة التمريرية,? Learn more passing Status ?
300027,TutorialGuide.ui,- حجب,­ Screen
300028,TutorialGuide.ui,- خطف,­ Steal
310001,InvenDialog.ui,مشاركة 1,Entry 1
310002,InvenDialog.ui,مشاركة 2,Entry 2
310003,InvenDialog.ui,مشاركة 3,Entry 3
320001,CardDialog.ui,النتيجة,Card purchasing result
320002,CardDialog.ui,نتيجة مزج البطاقات,Card mix result
330001,ReadyRoom.ui,تلقائي,Auto
330002,ReadyRoom.ui,الفجر,Dawn
330003,ReadyRoom.ui,وضح النهار,Daylight
330004,ReadyRoom.ui,وقت الغروب,Sunset
330005,ReadyRoom.ui,الليل,Night
330006,ReadyRoom.ui,عشوائي,Random
340001,TeamReadyRoom.ui,جاري البحث .......سيتم بدأ المباراة بعد %d ثانية,Searching… ..Matching initialization after %d sec.
340002,TeamReadyRoom.ui,"الغرف غير متوفرة, الرجاء المحاولة مجدداً","The rooms doesn't exist, Please try again. "
350001,AchieveProcess.ui,إنجاز,Achievement
350002,AchieveProcess.ui,مكافئة : نقاط +%s,Bonus : Point  +%s
350003,AchieveProcess.ui,مكافئة : أداة %s,Bonus : Item  %s
350004,AchieveProcess.ui,مكافئة: خبرة +%s,Bonus : EXP  +%s
350005,AchieveProcess.ui,قائمة الانجازات,Achievement List
350006,AchieveProcess.ui,رتب,Sort
350007,AchieveProcess.ui,كافة الانجازات,All achievement
350008,AchieveProcess.ui,الانجازات,Achive
350009,AchieveProcess.ui,الانجازات اليومية,Daily Achievement
360001,AchieveProcess.ui,تجربة,Tryout
360002,AchieveProcess.ui,اختبار التطوير,Promotion Test
360003,AchieveProcess.ui,"%s,يهنئك بإتمامك المرحلة التعليمية حان الوقت الان لاختيار المركز الذي تريده %s,  برأيي أفضل مركز يمكنك اختياره بناء على النتيجة المرحلة التعليمية , ستمنح جائزة بعد المباراة ","%s, Congratulate you to complete the Tutorial. Now, it is the time to select the position which you want to be. %s, I would like to suggest you the best position based on the result of the tutorial result. After match, the reward will be given."
360004,AchieveProcess.ui,%s تم اختياره ستلعب المباريات في قناة التطوير ومن الان وصاعدا بامكانك دخول قناة المبتدأين سيتم اهدائك اداة او مهارة بعد كل مباراة يرجى التحقق من المخزن بعد انتهائك من المباراة ,"%s is chosen. You will play the matches for the channel promotion. From now on, you can enter the Newbie Channel. After each match, the skill or item will be rewarded. Please check your inventory after match."
360005,AchieveProcess.ui,مباريات تطوير المستوى قد انتهت بامكانك دخول قناة المبتدأين والتي تسمح لك باللعب مع لاعبين اخرين ,Channel Promotion match has completed. Now you can enter the Newbie Channel which can play with other players.
